﻿<DataObject comparison="Ordinal">
  <Section id="">
    <Subsections>
      <Section id="General">
        <Subsections />
        <Entries>
          <Entry key="ElapsedTime">
            <double>76.3778234</double>
          </Entry>
          <Entry key="StartedAt">
            <dateTime>2021-09-25T23:00:49.1959456+05:30</dateTime>
          </Entry>
          <Entry key="EndedAt">
            <dateTime>2021-09-25T23:02:05.573769+05:30</dateTime>
          </Entry>
          <Entry key="ReplayStatus">
            <LastReplayRunStatus>Failed</LastReplayRunStatus>
          </Entry>
          <Entry key="NumberOfReplayErrors">
            <int>1</int>
          </Entry>
          <Entry key="NumberOfReplayCriticalErrors">
            <int>1</int>
          </Entry>
          <Entry key="NumberOfCompilationErrors">
            <int>0</int>
          </Entry>
        </Entries>
      </Section>
    </Subsections>
    <Entries>
      <Entry key="Iterations">
        <int>49</int>
      </Entry>
    </Entries>
  </Section>
</DataObject>