<?xml version="1.0" encoding="utf-8"?>
<VugenScriptMetadata>
  <ScriptName>Webtours_Tkt_bkng_Mnl_Corr_Par_26_09_2021</ScriptName>
  <Protocol>Web - HTTP/HTML</Protocol>
  <ActionFiles>
    <FileEntry Name="vuser_init.c" Filter="2" />
    <FileEntry Name="Action.c" Filter="2" />
    <FileEntry Name="vuser_end.c" Filter="2" />
  </ActionFiles>
  <GeneralFiles>
    <FileEntry Name="Webtours_Tkt_bkng_Mnl_Corr_Par_26_09_2021.usr" Filter="4" />
    <FileEntry Name="default.cfg" Filter="4" />
    <FileEntry Name="default.usp" Filter="4" />
    <FileEntry Name="Webtours_Tkt_bkng_Mnl_Corr_Par_26_09_2021.prm" Filter="2" />
    <FileEntry Name="globals.h" Filter="2" />
    <FileEntry Name="P_username(1).dat" Filter="2" />
    <FileEntry Name="combined_Webtours_Tkt_bkng_Mnl_Corr_Par_26_09_2021.c" Filter="2" />
    <FileEntry Name="pre_cci.c" Filter="2" />
    <FileEntry Name="198695714440.idx" Filter="1" />
    <FileEntry Name="19869571444_71m.423.idx" Filter="1" />
    <FileEntry Name="19869571444_8Sw.909.idx" Filter="1" />
    <FileEntry Name="19869571444_9SZ.437.idx" Filter="1" />
    <FileEntry Name="19869571444_kAg.567.idx" Filter="1" />
    <FileEntry Name="19869571444_R2t.599.idx" Filter="1" />
    <FileEntry Name="19869571444_wOX.3.idx" Filter="1" />
    <FileEntry Name="222854606440.idx" Filter="1" />
    <FileEntry Name="22285460644_8nV.67.idx" Filter="1" />
    <FileEntry Name="22285460644_Bv2.473.idx" Filter="1" />
    <FileEntry Name="22285460644_n0t.511.idx" Filter="1" />
    <FileEntry Name="22285460644_Scg.639.idx" Filter="1" />
    <FileEntry Name="22285460644_w60.727.idx" Filter="1" />
    <FileEntry Name="22285460644_ZcO.853.idx" Filter="1" />
    <FileEntry Name="Bookmarks.xml" Filter="1" />
    <FileEntry Name="Breakpoints.xml" Filter="1" />
    <FileEntry Name="CompilerLogMetadata.xml" Filter="1" />
    <FileEntry Name="custom_body_variables.txt" Filter="1" />
    <FileEntry Name="logfile.log" Filter="1" />
    <FileEntry Name="lrw_custom_body.h" Filter="1" />
    <FileEntry Name="mdrv.log" Filter="1" />
    <FileEntry Name="mdrv_cmd.txt" Filter="1" />
    <FileEntry Name="options.txt" Filter="1" />
    <FileEntry Name="output.bak" Filter="1" />
    <FileEntry Name="output.txt" Filter="1" />
    <FileEntry Name="OutputColoringDatabase.json" Filter="1" />
    <FileEntry Name="P_username.dat" Filter="1" />
    <FileEntry Name="ReplaySummaryReport.xml" Filter="1" />
    <FileEntry Name="ScriptUploadMetadata.xml" Filter="1" />
    <FileEntry Name="ThumbnailsCache.tmp" Filter="1" />
    <FileEntry Name="TransactionsData.db" Filter="1" />
    <FileEntry Name="UserTasks.xml" Filter="1" />
    <FileEntry Name="Webtours_Tkt_bkng_Mnl_Corr_Par_26_09_2021.c.pickle" Filter="1" />
    <FileEntry Name="Webtours_Tkt_bkng_Mnl_Corr_Par_26_09_2021.ci" Filter="1" />
    <FileEntry Name="Webtours_Tkt_bkng_Mnl_Corr_Par_26_09_2021.prm.bak" Filter="1" />
    <FileEntry Name="data\" Filter="1" />
    <FileEntry Name="result1\" Filter="1" />
  </GeneralFiles>
</VugenScriptMetadata>